Proxy,YeslerID
7969492,yesler
7373511,yesler
7066547,not_yesler
7933559,yesler
7272558,yesler
7128580,not_yesler
7877596,not_yesler
7451529,not_yesler
7768019,yesler
7862087,yesler
7070087,yesler
7946081,not_yesler
7401094,not_yesler
7246032,not_yesler
7042033,not_yesler
7269030,not_yesler
7014022,yesler
7085069,not_yesler
7628007,yesler
7872007,not_yesler
7482001,not_yesler
7100001,yesler
7055001,yesler
7769001,not_yesler
7105211,not_yesler
7586218,yesler
7565245,not_yesler
7783245,not_yesler
7540244,not_yesler
7199244,not_yesler
7853244,not_yesler
7208244,not_yesler
7145259,not_yesler
7336259,not_yesler
7835259,yesler
7184252,not_yesler
7783253,yesler
7060255,yesler
7389289,not_yesler
7633283,yesler
7761281,yesler
7811280,not_yesler
7078280,not_yesler
7290280,not_yesler
7228280,not_yesler
7266285,not_yesler
7894299,not_yesler
7947292,not_yesler
7121298,not_yesler
7477295,not_yesler
7599295,not_yesler
7039238,not_yesler
7116230,not_yesler
7656230,not_yesler
7695271,yesler
7436278,not_yesler
7478275,not_yesler
7594222,not_yesler
7948228,not_yesler
7452225,not_yesler
7437225,not_yesler
7122261,not_yesler
7687261,not_yesler
7055265,not_yesler
7458208,not_yesler
7222208,not_yesler
7942200,not_yesler
7053913,yesler
7186915,not_yesler
7706915,yesler
7880949,not_yesler
7248949,not_yesler
7496942,not_yesler
7688947,not_yesler
7238947,not_yesler
7479943,not_yesler
7889941,not_yesler
7275940,not_yesler
7188946,not_yesler
7809946,not_yesler
7038946,not_yesler
7463944,not_yesler
7121959,not_yesler
7973959,not_yesler
7037952,not_yesler
7487957,not_yesler
7581951,yesler
7122958,not_yesler
7587950,yesler
7911950,not_yesler
7111956,yesler
7433955,not_yesler
7952987,not_yesler
7715983,not_yesler
7722980,yesler
7231986,not_yesler
7815984,not_yesler
7589999,not_yesler
7581993,not_yesler
7116998,not_yesler
7017990,not_yesler
7585996,not_yesler
7641996,not_yesler
7750932,not_yesler
7088933,not_yesler
7122931,yesler
7686938,yesler
7370934,yesler
7637972,not_yesler
7944971,not_yesler
7088971,not_yesler
7217971,not_yesler
7918978,not_yesler
7802970,not_yesler
7284970,not_yesler
7108975,not_yesler
7916975,not_yesler
7905975,not_yesler
7000929,not_yesler
7015927,not_yesler
7674926,not_yesler
7694925,not_yesler
7465924,not_yesler
7206969,yesler
7635967,not_yesler
7495963,not_yesler
7327963,yesler
7804963,yesler
7594961,not_yesler
7627961,not_yesler
7978961,not_yesler
7328961,not_yesler
7743961,not_yesler
7822968,yesler
7077960,not_yesler
7034960,not_yesler
7827966,yesler
7385965,not_yesler
7447964,not_yesler
7405964,not_yesler
7928964,not_yesler
7641909,not_yesler
7729909,not_yesler
7315907,not_yesler
7044901,not_yesler
7282906,not_yesler
7783610,yesler
7190615,not_yesler
7592642,not_yesler
7359643,not_yesler
7328640,not_yesler
7676657,not_yesler
7439653,not_yesler
7571651,not_yesler
7284658,not_yesler
7969650,not_yesler
7724650,not_yesler
7512656,not_yesler
7916654,not_yesler
7730681,yesler
7295688,not_yesler
7963699,not_yesler
7316693,not_yesler
7769693,not_yesler
7935696,yesler
7365696,yesler
7879696,not_yesler
7958695,yesler
7895638,yesler
7683622,not_yesler
7879622,not_yesler
7805622,not_yesler
7552628,not_yesler
7003626,yesler
7800624,not_yesler
7483667,not_yesler
7648663,not_yesler
7617668,not_yesler
7356660,yesler
7825665,yesler
7137664,not_yesler
7984664,yesler
7925664,yesler
7344664,yesler
7247664,not_yesler
7649602,yesler
7290602,yesler
7205601,not_yesler
7449606,not_yesler
7904606,not_yesler
7209119,not_yesler
7796119,not_yesler
7465112,not_yesler
7800117,not_yesler
7705117,not_yesler
7653113,not_yesler
7866116,not_yesler
7018116,yesler
7509115,not_yesler
7253149,not_yesler
7382142,not_yesler
7326142,not_yesler
7939148,yesler
7507145,not_yesler
7622145,yesler
7027145,not_yesler
7492159,yesler
7497157,not_yesler
7910156,not_yesler
7709155,not_yesler
7964154,not_yesler
7541187,not_yesler
7122183,not_yesler
7362183,not_yesler
7301196,not_yesler
7656195,not_yesler
7280139,not_yesler
7271133,not_yesler
7197134,not_yesler
7244173,not_yesler
7453170,yesler
7517170,not_yesler
7798170,not_yesler
7713170,not_yesler
7857174,not_yesler
7015129,not_yesler
7624122,not_yesler
7916122,not_yesler
7085122,not_yesler
7506127,yesler
7194127,not_yesler
7540123,not_yesler
7068123,not_yesler
7841126,yesler
7581124,not_yesler
7172169,not_yesler
7997167,yesler
7833168,not_yesler
7741168,not_yesler
7530164,yesler
7621164,not_yesler
7832164,not_yesler
7375107,not_yesler
7267108,yesler
7418100,yesler
7716106,yesler
7987104,not_yesler
7401312,not_yesler
7740310,not_yesler
7460315,not_yesler
7453315,not_yesler
7518314,not_yesler
7433342,not_yesler
7119347,not_yesler
7415348,yesler
7776346,not_yesler
7769346,not_yesler
7873352,not_yesler
7830351,not_yesler
7174356,not_yesler
7443355,not_yesler
7321389,not_yesler
7216389,yesler
7365382,yesler
7825381,not_yesler
7689380,not_yesler
7657380,not_yesler
7929386,not_yesler
7096385,not_yesler
7019385,not_yesler
7459397,yesler
7839397,not_yesler
7946393,yesler
7639395,yesler
7990395,yesler
7981395,yesler
7526339,not_yesler
7718333,not_yesler
7750333,not_yesler
7232331,not_yesler
7560338,not_yesler
7691338,not_yesler
7931338,not_yesler
7522330,not_yesler
7535330,not_yesler
7069330,not_yesler
7699336,not_yesler
7664336,not_yesler
7690335,not_yesler
7821335,yesler
7089335,not_yesler
7642334,not_yesler
7940372,not_yesler
7827378,not_yesler
7170376,not_yesler
7171374,not_yesler
7107374,yesler
7147322,not_yesler
7957321,not_yesler
7056321,yesler
7286321,yesler
7400328,not_yesler
7591328,not_yesler
7305324,not_yesler
7140362,yesler
7972363,not_yesler
7102360,not_yesler
7065366,not_yesler
7969302,not_yesler
7928302,not_yesler
7146300,not_yesler
7353300,yesler
7206300,not_yesler
7366306,not_yesler
7409305,yesler
7987305,not_yesler
7278305,not_yesler
7806812,not_yesler
7028813,not_yesler
7830811,not_yesler
7038811,not_yesler
7499818,yesler
7470818,yesler
7312815,yesler
7127814,yesler
7585849,yesler
7138842,not_yesler
7730847,yesler
7341841,yesler
7454840,yesler
7589846,not_yesler
7328845,not_yesler
7307844,yesler
7800851,yesler
7416855,yesler
7164855,not_yesler
7368854,not_yesler
7321854,not_yesler
7767882,yesler
7212888,not_yesler
7131880,yesler
7440885,yesler
7456885,yesler
7391884,not_yesler
7389884,not_yesler
7234884,not_yesler
7799884,not_yesler
7212899,not_yesler
7776899,yesler
7472892,not_yesler
7342893,yesler
7353893,not_yesler
7980898,not_yesler
7902890,not_yesler
7583839,not_yesler
7111837,yesler
7164837,yesler
7068837,not_yesler
7706837,not_yesler
7988838,not_yesler
7058873,not_yesler
7220871,yesler
7246871,yesler
7180878,not_yesler
7075878,not_yesler
7375870,not_yesler
7274870,not_yesler
7600875,not_yesler
7147829,yesler
7907827,not_yesler
7258827,not_yesler
7331823,yesler
7670828,yesler
7552826,yesler
7653826,yesler
7638826,yesler
7584825,not_yesler
7813869,not_yesler
7493862,not_yesler
7032867,yesler
7205860,not_yesler
7443864,not_yesler
7677864,not_yesler
7651809,not_yesler
7365807,not_yesler
7980803,not_yesler
7410801,not_yesler
7466801,not_yesler
7422801,not_yesler
7462808,yesler
7231808,not_yesler
7404800,not_yesler
7117806,not_yesler
7988805,not_yesler
6413712,not_yesler
6187717,not_yesler
6355717,not_yesler
6978713,not_yesler
6774713,not_yesler
6306718,not_yesler
6284716,yesler
6825715,yesler
6095715,not_yesler
6000715,not_yesler
6665742,yesler
6955747,not_yesler
6461743,not_yesler
6199743,yesler
6906748,not_yesler
6011748,yesler
6033748,yesler
6364740,yesler
6716745,not_yesler
6094744,not_yesler
6362758,not_yesler
6565750,yesler
6087755,yesler
6065755,yesler
6861754,yesler
6618789,not_yesler
6665789,not_yesler
6842787,not_yesler
6318781,not_yesler
6704781,not_yesler
6997780,yesler
6151786,yesler
6614786,not_yesler
6865785,not_yesler
6244792,not_yesler
6246791,not_yesler
6729796,not_yesler
6701796,not_yesler
6179739,not_yesler
6046731,not_yesler
6586730,yesler
6533772,yesler
6208778,yesler
6654770,not_yesler
6609770,not_yesler
6598776,yesler
6908776,yesler
6797776,yesler
6751776,yesler
6870775,not_yesler
6855775,yesler
6245775,not_yesler
6041774,yesler
6479729,not_yesler
6981729,not_yesler
6903729,not_yesler
6382729,not_yesler
6640721,yesler
6669728,yesler
6091728,yesler
6010728,yesler
6008728,not_yesler
6892720,yesler
6430726,yesler
6254725,not_yesler
6738725,not_yesler
6963724,not_yesler
6882724,not_yesler
6627761,not_yesler
6677765,not_yesler
6102764,not_yesler
6651764,yesler
6313764,yesler
6321709,not_yesler
6006709,not_yesler
6783703,not_yesler
6744703,not_yesler
6133701,not_yesler
6697701,not_yesler
6678701,not_yesler
6021701,not_yesler
6044701,not_yesler
6243701,yesler
6542700,not_yesler
6918700,not_yesler
6316700,not_yesler
6358700,not_yesler
6801700,not_yesler
6988706,not_yesler
6101705,not_yesler
6779704,not_yesler
6913413,yesler
6319413,not_yesler
6761413,not_yesler
6191449,not_yesler
6668441,not_yesler
6813440,yesler
6249446,not_yesler
6366445,not_yesler
6454444,not_yesler
6840444,not_yesler
6856444,not_yesler
6197457,not_yesler
6353457,not_yesler
6001455,not_yesler
6407454,not_yesler
6237454,not_yesler
6775454,not_yesler
6601489,yesler
6970489,yesler
6828489,yesler
6494482,yesler
6479482,yesler
6313482,not_yesler
6499487,not_yesler
6932481,not_yesler
6774488,not_yesler
6552486,not_yesler
6079486,not_yesler
6016486,not_yesler
6421484,yesler
6124484,not_yesler
6680484,not_yesler
6940484,not_yesler
6104492,not_yesler
6089492,not_yesler
6010492,not_yesler
6983497,not_yesler
6519493,not_yesler
6014491,not_yesler
6785496,not_yesler
6783494,not_yesler
6836438,not_yesler
6475436,not_yesler
6507436,not_yesler
6557435,yesler
6404472,not_yesler
6439472,not_yesler
6182472,not_yesler
6070477,not_yesler
6901473,not_yesler
6193471,yesler
6352471,not_yesler
6578478,not_yesler
6512478,not_yesler
6452470,not_yesler
6668470,not_yesler
6932476,not_yesler
6252476,yesler
6933475,yesler
6828475,not_yesler
6075475,not_yesler
6604474,not_yesler
6280429,not_yesler
6107422,not_yesler
6662423,not_yesler
6881423,not_yesler
6170421,not_yesler
6611425,not_yesler
6868424,yesler
6287424,not_yesler
6584462,not_yesler
6507462,not_yesler
6906462,not_yesler
6253466,not_yesler
6207466,not_yesler
6491407,not_yesler
6601407,yesler
6605400,not_yesler
6993400,not_yesler
6742400,not_yesler
6602406,not_yesler
6535519,not_yesler
6440517,not_yesler
6185517,not_yesler
6926517,not_yesler
6941517,not_yesler
6398510,yesler
6367510,yesler
6309510,yesler
6015515,not_yesler
6905514,not_yesler
6393514,not_yesler
6252514,not_yesler
6884542,yesler
6961541,not_yesler
6337548,not_yesler
6473559,not_yesler
6129559,not_yesler
6140559,not_yesler
6084559,not_yesler
6025559,not_yesler
6844552,yesler
6892557,not_yesler
6027553,not_yesler
6940551,not_yesler
6298551,not_yesler
6644556,not_yesler
6811555,yesler
6827555,not_yesler
6078555,not_yesler
6754555,yesler
6180554,yesler
6105554,not_yesler
6363554,not_yesler
6903589,yesler
6937589,yesler
6083589,not_yesler
6402582,not_yesler
6392587,yesler
6270587,not_yesler
6568583,yesler
6500583,not_yesler
6979583,yesler
6329583,not_yesler
6415588,not_yesler
6511588,not_yesler
6079580,not_yesler
6426586,not_yesler
6956585,not_yesler
6664584,not_yesler
6084584,not_yesler
6586599,not_yesler
6302593,not_yesler
6768595,not_yesler
6577594,not_yesler
6186594,not_yesler
6148594,not_yesler
6509532,not_yesler
6858532,not_yesler
6544537,yesler
6692537,not_yesler
6170531,not_yesler
6560530,not_yesler
6358530,not_yesler
6399536,not_yesler
6177535,not_yesler
3472719,not_yesler
3946719,not_yesler
3426712,not_yesler
3645712,not_yesler
3817712,yesler
3830712,not_yesler
3832712,not_yesler
3281712,not_yesler
3988717,yesler
3020717,yesler
3692713,not_yesler
3600713,not_yesler
3637713,not_yesler
3362713,not_yesler
3291713,yesler
3623718,not_yesler
3810718,not_yesler
3244718,not_yesler
3695710,not_yesler
3676710,not_yesler
3930710,yesler
3930716,not_yesler
3802716,not_yesler
3015716,not_yesler
3479715,not_yesler
3482715,yesler
3185715,yesler
3042715,not_yesler
3427714,not_yesler
3660714,not_yesler
3633714,not_yesler
3813714,not_yesler
3853714,not_yesler
3058714,not_yesler
3464749,not_yesler
3429749,not_yesler
3580749,not_yesler
3587749,not_yesler
3623749,not_yesler
3905749,yesler
3936749,not_yesler
3846749,yesler
3026749,yesler
3223749,not_yesler
3224749,not_yesler
3205749,not_yesler
3489742,not_yesler
3444742,not_yesler
3442742,not_yesler
3434742,not_yesler
3563742,not_yesler
3174742,not_yesler
3172742,not_yesler
3115742,not_yesler
3368742,yesler
3899742,not_yesler
3426747,yesler
3792743,not_yesler
3604741,not_yesler
3884741,not_yesler
3704741,not_yesler
3180748,yesler
3197746,not_yesler
3199746,yesler
3824746,yesler
3289746,yesler
3144745,not_yesler
3156745,not_yesler
3102745,not_yesler
3138745,not_yesler
3864745,not_yesler
3044745,yesler
3678744,not_yesler
3677744,not_yesler
3679744,not_yesler
3016744,yesler
3494752,not_yesler
3965752,not_yesler
3945752,not_yesler
3908752,not_yesler
3939752,not_yesler
3384752,not_yesler
3458757,yesler
3581757,not_yesler
3137757,not_yesler
3694757,yesler
3695757,yesler
3646757,yesler
3954757,not_yesler
3089757,not_yesler
3780757,not_yesler
3782757,not_yesler
3444753,yesler
3919753,yesler
3875753,yesler
3819753,not_yesler
3123751,not_yesler
3131751,not_yesler
3389751,not_yesler
3898751,not_yesler
3003751,not_yesler
3001751,not_yesler
3005751,not_yesler
3213751,not_yesler
3212751,not_yesler
3548758,yesler
3533758,not_yesler
3182758,not_yesler
3664758,yesler
3956758,not_yesler
3900758,not_yesler
3329758,not_yesler
3352758,not_yesler
3897758,not_yesler
3894758,not_yesler
3862758,not_yesler
3155750,yesler
3013750,not_yesler
3032750,not_yesler
3984756,not_yesler
3644755,not_yesler
3098755,yesler
3057755,yesler
3226755,not_yesler
3704755,not_yesler
3159754,yesler
3904754,not_yesler
3494789,not_yesler
3545789,not_yesler
3044789,not_yesler
3042789,not_yesler
3338782,not_yesler
3330782,not_yesler
3337782,not_yesler
3891782,not_yesler
3950787,yesler
3904783,yesler
3828783,not_yesler
3262783,not_yesler
3782783,not_yesler
3005781,not_yesler
3291781,not_yesler
3463788,not_yesler
3582788,not_yesler
3614788,not_yesler
3612788,not_yesler
3326788,not_yesler
3327788,not_yesler
3893788,not_yesler
3878788,yesler
3230788,not_yesler
3705788,not_yesler
3502780,not_yesler
3501780,not_yesler
3116780,not_yesler
3120780,not_yesler
3129780,not_yesler
3905780,not_yesler
3308780,not_yesler
3884780,not_yesler
3867780,not_yesler
3869780,not_yesler
3853780,not_yesler
3295780,yesler
3440786,not_yesler
3401786,yesler
3118786,yesler
3123786,not_yesler
3124786,not_yesler
3665786,not_yesler
3626786,not_yesler
3628786,not_yesler
3629786,not_yesler
3584785,not_yesler
3894799,not_yesler
3544792,yesler
3141797,yesler
3498793,not_yesler
3490793,not_yesler
3132793,not_yesler
3919793,not_yesler
3219793,yesler
3723793,not_yesler
3572791,not_yesler
3613791,not_yesler
3056791,yesler
3608798,not_yesler
3764798,not_yesler
3522790,not_yesler
3310790,yesler
3323790,not_yesler
3345790,not_yesler
3062790,not_yesler
3061790,not_yesler
3480796,not_yesler
3462796,not_yesler
3426796,not_yesler
3428796,not_yesler
3420796,not_yesler
3422796,not_yesler
3448796,not_yesler
3449796,not_yesler
3443796,not_yesler
3444796,not_yesler
3541796,not_yesler
3645796,not_yesler
3365796,not_yesler
3356796,not_yesler
3042796,not_yesler
3782796,not_yesler
3721796,not_yesler
3474795,not_yesler
3441795,yesler
3665795,not_yesler
3600795,not_yesler
3909795,yesler
3904795,yesler
3939795,not_yesler
3326795,not_yesler
3304795,not_yesler
3249795,not_yesler
3693794,yesler
3663794,not_yesler
3935794,not_yesler
3406739,not_yesler
3378739,not_yesler
3315739,not_yesler
3885739,not_yesler
3407732,not_yesler
3594732,not_yesler
3612732,not_yesler
3989732,not_yesler
3094732,not_yesler
3018732,not_yesler
3043732,not_yesler
3271732,not_yesler
3464737,yesler
3681737,not_yesler
3651737,not_yesler
3437733,not_yesler
3183733,not_yesler
3300733,not_yesler
3080731,not_yesler
3231738,not_yesler
3815730,yesler
3975735,not_yesler
3331735,not_yesler
3006735,not_yesler
3225735,not_yesler
3775735,not_yesler
3780735,yesler
3464734,not_yesler
3492419,not_yesler
3424419,yesler
3448419,yesler
3693419,yesler
3665419,not_yesler
3923419,not_yesler
3933419,not_yesler
3329419,not_yesler
3343419,not_yesler
3864419,not_yesler
3807419,yesler
3286419,yesler
3618412,not_yesler
3666412,not_yesler
3363412,not_yesler
3881412,not_yesler
3813412,not_yesler
3094412,not_yesler
3050412,not_yesler
3039412,not_yesler
3270412,not_yesler
3288412,not_yesler
3263412,not_yesler
3257412,not_yesler
3259412,not_yesler
3255412,not_yesler
3200412,not_yesler
3573417,not_yesler
3540417,not_yesler
3538417,not_yesler
3193417,not_yesler
3168417,yesler
3947417,not_yesler
3386417,not_yesler
3898417,not_yesler
3855417,not_yesler
3544413,not_yesler
3541413,not_yesler
3678413,not_yesler
3649413,not_yesler
3377413,not_yesler
3389413,not_yesler
3383413,not_yesler
3382413,not_yesler
3339413,not_yesler
3867413,not_yesler
3232413,not_yesler
3796413,not_yesler
3725413,not_yesler
3740413,not_yesler
3544411,not_yesler
3542411,not_yesler
3157411,not_yesler
3387411,not_yesler
3828411,not_yesler
3838411,not_yesler
3094411,not_yesler
3092411,not_yesler
3079411,not_yesler
3290411,not_yesler
3716411,yesler
3720411,not_yesler
3724411,not_yesler
3485418,not_yesler
3521418,not_yesler
3172418,not_yesler
3142418,not_yesler
3158418,not_yesler
3928418,not_yesler
3927418,not_yesler
3925418,yesler
3958418,not_yesler
3361418,yesler
3334418,not_yesler
3898418,not_yesler
3890418,not_yesler
3844418,not_yesler
3093418,not_yesler
3243418,not_yesler
3462410,not_yesler
3968410,not_yesler
3960410,not_yesler
3385410,not_yesler
3861410,not_yesler
3015410,not_yesler
3452416,not_yesler
3574416,not_yesler
3661416,yesler
3652416,not_yesler
3350416,not_yesler
3096416,yesler
3775416,yesler
3737416,yesler
3415415,not_yesler
3572415,yesler
3161415,yesler
3933415,not_yesler
3300415,yesler
3303415,yesler
3824415,not_yesler
3056415,yesler
3283415,not_yesler
3746415,not_yesler
3117414,yesler
3340414,not_yesler
3283414,not_yesler
3284414,not_yesler
3216414,not_yesler
3201414,not_yesler
3729414,not_yesler
3595449,not_yesler
3584449,not_yesler
3624449,not_yesler
3621449,not_yesler
3625449,not_yesler
3631449,not_yesler
3317449,not_yesler
3713449,not_yesler
3478442,not_yesler
3473442,not_yesler
3483442,not_yesler
3461442,not_yesler
3590442,not_yesler
3582442,not_yesler
3980442,not_yesler
3945442,not_yesler
3317442,not_yesler
3344442,not_yesler
3843442,not_yesler
3067442,not_yesler
3778442,yesler
3545447,not_yesler
3658447,not_yesler
3603447,not_yesler
3917447,not_yesler
3941447,not_yesler
3933447,not_yesler
3362447,not_yesler
3344447,not_yesler
3818447,not_yesler
3869447,not_yesler
3859447,not_yesler
3003447,not_yesler
3271447,not_yesler
3275447,not_yesler
3225447,not_yesler
3248447,not_yesler
3245447,not_yesler
3256447,not_yesler
3257447,not_yesler
3237447,not_yesler
3729447,not_yesler
3577443,yesler
3687443,not_yesler
3646443,not_yesler
3653443,yesler